<?xml version="1.0" encoding="UTF-8"?>
<GenRun Id="synth_1" LaunchPart="xc7a100tcsg324-1" LaunchTime="1671751455" LaunchIncrCheckpoint="$PSRCDIR/utils_1/imports/synth_1/TicTacToe_shell.dcp">
  <File Type="PA-TCL" Name="TicTacToe_shell.tcl"/>
  <File Type="RDS-PROPCONSTRS" Name="TicTacToe_shell_drc_synth.rpt"/>
  <File Type="REPORTS-TCL" Name="TicTacToe_shell_reports.tcl"/>
  <File Type="RDS-RDS" Name="TicTacToe_shell.vds"/>
  <File Type="RDS-UTIL" Name="TicTacToe_shell_utilization_synth.rpt"/>
  <File Type="RDS-UTIL-PB" Name="TicTacToe_shell_utilization_synth.pb"/>
  <File Type="RDS-DCP" Name="TicTacToe_shell.dcp"/>
  <File Type="VDS-TIMINGSUMMARY" Name="TicTacToe_shell_timing_summary_synth.rpt"/>
  <File Type="VDS-TIMING-PB" Name="TicTacToe_shell_timing_summary_synth.pb"/>
  <FileSet Name="sources" Type="DesignSrcs" RelSrcDir="$PSRCDIR/sources_1" RelGenDir="$PGENDIR/sources_1">
    <Filter Type="Srcs"/>
    <File Path="$PSRCDIR/sources_1/imports/VHDL/VGA_driver.vhd">
      <FileInfo>
        <Attr Name="ImportPath" Val="D:/Downloads/theTTT/tic_tac_toe-main/VHDL/VGA_driver.vhd"/>
        <Attr Name="ImportTime" Val="1671750694"/>
        <Attr Name="UsedIn" Val="synthesis"/>
        <Attr Name="UsedIn" Val="simulation"/>
      </FileInfo>
    </File>
    <File Path="$PSRCDIR/sources_1/imports/VHDL/game_logic.vhd">
      <FileInfo>
        <Attr Name="ImportPath" Val="D:/Downloads/theTTT/tic_tac_toe-main/VHDL/game_logic.vhd"/>
        <Attr Name="ImportTime" Val="1671750694"/>
        <Attr Name="UsedIn" Val="synthesis"/>
        <Attr Name="UsedIn" Val="simulation"/>
      </FileInfo>
    </File>
    <File Path="$PSRCDIR/sources_1/imports/VHDL/input_conditioning.vhd">
      <FileInfo>
        <Attr Name="ImportPath" Val="D:/Downloads/theTTT/tic_tac_toe-main/VHDL/input_conditioning.vhd"/>
        <Attr Name="ImportTime" Val="1671750694"/>
        <Attr Name="UsedIn" Val="synthesis"/>
        <Attr Name="UsedIn" Val="simulation"/>
      </FileInfo>
    </File>
    <File Path="$PSRCDIR/sources_1/imports/VHDL/pixel_generation.vhd">
      <FileInfo>
        <Attr Name="ImportPath" Val="D:/Downloads/theTTT/tic_tac_toe-main/VHDL/pixel_generation.vhd"/>
        <Attr Name="ImportTime" Val="1671750694"/>
        <Attr Name="UsedIn" Val="synthesis"/>
        <Attr Name="UsedIn" Val="simulation"/>
      </FileInfo>
    </File>
    <File Path="$PSRCDIR/sources_1/imports/VHDL/system_clock_generator.vhd">
      <FileInfo>
        <Attr Name="ImportPath" Val="D:/Downloads/theTTT/tic_tac_toe-main/VHDL/system_clock_generator.vhd"/>
        <Attr Name="ImportTime" Val="1671750694"/>
        <Attr Name="UsedIn" Val="synthesis"/>
        <Attr Name="UsedIn" Val="simulation"/>
      </FileInfo>
    </File>
    <File Path="$PSRCDIR/sources_1/imports/VHDL/TicTacToe_shell.vhd">
      <FileInfo>
        <Attr Name="ImportPath" Val="D:/Downloads/theTTT/tic_tac_toe-main/VHDL/TicTacToe_shell.vhd"/>
        <Attr Name="ImportTime" Val="1671750694"/>
        <Attr Name="UsedIn" Val="synthesis"/>
        <Attr Name="UsedIn" Val="simulation"/>
      </FileInfo>
    </File>
    <File Path="$PSRCDIR/sources_1/imports/VHDL/game_logic_tb.vhd">
      <FileInfo>
        <Attr Name="AutoDisabled" Val="1"/>
        <Attr Name="ImportPath" Val="D:/Downloads/theTTT/tic_tac_toe-main/VHDL/game_logic_tb.vhd"/>
        <Attr Name="ImportTime" Val="1671750694"/>
        <Attr Name="UsedIn" Val="synthesis"/>
        <Attr Name="UsedIn" Val="simulation"/>
      </FileInfo>
    </File>
    <File Path="$PSRCDIR/sources_1/imports/VHDL/input_conditioning_tb.vhd">
      <FileInfo>
        <Attr Name="AutoDisabled" Val="1"/>
        <Attr Name="ImportPath" Val="D:/Downloads/theTTT/tic_tac_toe-main/VHDL/input_conditioning_tb.vhd"/>
        <Attr Name="ImportTime" Val="1671750694"/>
        <Attr Name="UsedIn" Val="synthesis"/>
        <Attr Name="UsedIn" Val="simulation"/>
      </FileInfo>
    </File>
    <File Path="$PSRCDIR/sources_1/imports/VHDL/pixel_generation_tb.vhd">
      <FileInfo>
        <Attr Name="AutoDisabled" Val="1"/>
        <Attr Name="ImportPath" Val="D:/Downloads/theTTT/tic_tac_toe-main/VHDL/pixel_generation_tb.vhd"/>
        <Attr Name="ImportTime" Val="1671750694"/>
        <Attr Name="UsedIn" Val="synthesis"/>
        <Attr Name="UsedIn" Val="simulation"/>
      </FileInfo>
    </File>
    <Config>
      <Option Name="DesignMode" Val="RTL"/>
      <Option Name="TopModule" Val="TicTacToe_shell"/>
      <Option Name="TopAutoSet" Val="TRUE"/>
    </Config>
  </FileSet>
  <FileSet Name="constrs_in" Type="Constrs" RelSrcDir="$PSRCDIR/constrs_1">
    <Filter Type="Constrs"/>
    <File Path="$PSRCDIR/constrs_1/imports/tic_tac_toe-main/Nexys-A7-100T-Master.xdc">
      <FileInfo>
        <Attr Name="ImportPath" Val="D:/Downloads/theTTT/tic_tac_toe-main/Nexys-A7-100T-Master.xdc"/>
        <Attr Name="ImportTime" Val="1671750694"/>
        <Attr Name="UsedIn" Val="synthesis"/>
        <Attr Name="UsedIn" Val="implementation"/>
      </FileInfo>
    </File>
    <Config>
      <Option Name="ConstrsType" Val="XDC"/>
    </Config>
  </FileSet>
  <FileSet Name="utils" Type="Utils" RelSrcDir="$PSRCDIR/utils_1">
    <Filter Type="Utils"/>
    <File Path="$PSRCDIR/utils_1/imports/synth_1/TicTacToe_shell.dcp">
      <FileInfo>
        <Attr Name="UsedIn" Val="synthesis"/>
        <Attr Name="UsedIn" Val="implementation"/>
        <Attr Name="UsedInSteps" Val="synth_1"/>
        <Attr Name="AutoDcp" Val="1"/>
      </FileInfo>
    </File>
    <Config>
      <Option Name="TopAutoSet" Val="TRUE"/>
    </Config>
  </FileSet>
  <Strategy Version="1" Minor="2">
    <StratHandle Name="Vivado Synthesis Defaults" Flow="Vivado Synthesis 2022">
      <Desc>Vivado Synthesis Defaults</Desc>
    </StratHandle>
    <Step Id="synth_design"/>
  </Strategy>
</GenRun>
